epoch,global_step,train_samples,train_loss,train_accuracy,monitor_samples,monitor_loss,monitor_accuracy,monitor_length,lr_next,epoch_seconds,elapsed_seconds,batches_length_2048,batches_length_4096,batches_length_8192,batches_length_16384,batches_length_32768
1,500,80000,0.9027342734336853,0.5688625,32000,0.824390419125557,0.63990625,32768,0.0011250000000000001,82.58228906604927,112.30808744998649,97,90,110,105,98
2,1000,80000,0.6110303626656532,0.7145875,32000,1.5325504171848296,0.52175,32768,0.00175,81.03234175592661,194.0861641750671,116,84,113,78,109
3,1500,80000,0.5522919898033142,0.7349625,32000,1.3055013728141784,0.5971875,32768,0.002375,84.3269559959881,278.8420970090665,96,97,86,111,110
4,2000,80000,0.5167677909731865,0.748175,32000,1.0065654501318932,0.66540625,32768,0.002,83.34541570895817,362.644652593066,90,85,109,112,104
5,2500,80000,0.514065555036068,0.7470875,32000,0.6854130542278289,0.7211875,32768,0.001375,80.82353110890836,443.9203628170071,116,95,94,88,107
6,3000,80000,0.4970482808351517,0.7569875,32000,0.7024081501364708,0.728875,32768,0.00075,81.02441099600401,525.4142142400378,119,84,93,100,104
7,3500,80000,0.48000016355514524,0.761375,32000,0.5497493559122085,0.7525625,32768,0.000875,78.60152891895268,604.448360475013,103,106,90,110,91
8,4000,80000,0.4875182690024376,0.7583125,32000,0.5823612254858017,0.72440625,32768,0.0015,79.45958814397454,684.3748465800891,100,105,96,105,94
9,4500,80000,0.4968415758013725,0.7544625,32000,0.6754234850406646,0.686625,32768,0.002125,81.70684797002468,766.5413173009874,105,96,99,93,107
10,5000,80000,0.5135996740460396,0.749175,32000,0.5032276231050491,0.76846875,32768,0.0022500000000000003,78.03379464196041,845.1608938460704,107,107,92,104,90
11,5500,80000,0.495167272567749,0.75565,32000,0.6307904361188412,0.728625,32768,0.0016250000000000001,77.60750554304104,923.2211648450466,103,109,103,94,91
12,6000,80000,0.47274739545583727,0.7650125,32000,0.624038708806038,0.74540625,32768,0.001,82.23838320595678,1005.9069865630008,109,81,102,103,105
13,6500,80000,0.4611955111324787,0.7715125,32000,0.6908528545498848,0.69871875,32768,0.000625,78.88816387508996,1085.2391752810217,87,114,97,115,87
14,7000,80000,0.4611537607312202,0.7708125,32000,0.4392182794213295,0.7830625,32768,0.00125,83.00817020097747,1168.6824501820374,94,102,90,108,106
15,7500,80000,0.47687536138296127,0.7636625,32000,0.6114695265889167,0.73125,32768,0.001875,79.16566227201838,1248.3120190260233,97,104,100,108,91
16,8000,80000,0.49126362103223803,0.758625,32000,0.5552727852761745,0.72971875,32768,0.0025,77.32817138999235,1326.0940118180588,99,112,98,101,90
17,8500,80000,0.4783156858086586,0.763025,32000,0.43541619420051575,0.7893125,32768,0.001875,82.71066420490388,1409.3955798100214,89,103,94,109,105
18,9000,80000,0.4687476830780506,0.76615,32000,0.37508572861552236,0.81896875,32768,0.00125,79.40767043700907,1489.2627750380198,86,127,93,98,96
19,9500,80000,0.4646192430257797,0.769275,32000,0.569558342397213,0.74028125,32768,0.000625,80.75432298507076,1570.4725400470197,102,107,96,89,106
20,10000,80000,0.4544860380887985,0.7748375,32000,0.4879774199426174,0.7446875,32768,0.001,79.6619924120605,1650.5740125520388,99,103,109,90,99
21,10500,80000,0.45763738161325457,0.771425,32000,0.6687111592292786,0.6609375,32768,0.0016250000000000001,82.14348789304495,1733.1690521630226,96,96,92,117,99
22,11000,80000,0.4714351336658001,0.7646875,32000,0.5861526764929295,0.71375,32768,0.0022500000000000003,83.2205034319777,1816.838302580989,102,90,86,119,103
23,11500,80000,0.48210321786999705,0.762275,32000,0.5302974331378937,0.73821875,32768,0.002125,75.7428445200203,1893.1708454210311,109,104,109,92,86
24,12000,80000,0.4591066846549511,0.77145,32000,0.45348853677511214,0.797375,32768,0.0015,82.10817970102653,1975.7289268980967,79,113,95,113,100
25,12500,80000,0.46073422729969027,0.7721875,32000,0.7779643422365189,0.7150625,32768,0.000875,80.97181437397376,2057.1505109750433,105,86,98,117,94
26,13000,80000,0.4584898068010807,0.77385,32000,0.4821157170832157,0.76103125,32768,0.00075,79.18087524408475,2136.774249031092,100,125,80,96,99
27,13500,80000,0.45917892634868623,0.7720625,32000,0.45738626420497897,0.789375,32768,0.001375,77.96440152497962,2215.1877364100656,107,98,103,104,88
28,14000,80000,0.4573200479149818,0.7725625,32000,0.4647701917588711,0.77465625,32768,0.002,80.85955774900503,2296.496733598062,94,95,107,108,96
29,14500,80000,0.4683124295473099,0.7673125,32000,0.4506350648403168,0.791875,32768,0.002375,81.65774519206025,2378.607459013001,91,109,103,90,107
30,15000,80000,0.4608294677138329,0.770475,32000,0.4132214257121086,0.799,32768,0.00175,83.52800202008802,2462.5942809530534,97,92,93,112,106
31,15500,80000,0.45987433156371116,0.7692125,32000,0.4774295252561569,0.78440625,32768,0.0011250000000000001,74.88501249800902,2538.0879339850508,91,120,101,117,71
32,16000,80000,0.45336528274416926,0.7752375,32000,0.5745194347202778,0.7464375,32768,0.0005,80.7632409670623,2619.3137327780714,115,85,96,105,99
33,16500,80000,0.4420950336754322,0.778,32000,0.5972911609709263,0.743125,32768,0.0011250000000000001,82.37961747299414,2702.140048091067,90,107,92,107,104
34,17000,80000,0.44910025101900103,0.7760875,32000,0.44441016152501106,0.79709375,32768,0.00175,80.04837331001181,2782.643056888017,82,114,105,103,96
35,17500,80000,0.4594805128276348,0.771625,32000,0.45145169764757154,0.7813125,32768,0.002375,84.30440460506361,2867.3987855199957,99,97,102,80,122
36,18000,80000,0.4667346832752228,0.7699125,32000,0.48740366637706756,0.79171875,32768,0.002,83.42081153194886,2951.2769907250768,105,90,95,99,111
37,18500,80000,0.45793816635012624,0.77195,32000,0.4874099236726761,0.7583125,32768,0.001375,84.01057668298017,3035.9000765400706,113,83,90,101,113
38,19000,80000,0.4454678009748459,0.7773875,32000,0.36831267312169075,0.828875,32768,0.00075,81.53717595897615,3117.893322951044,94,91,115,99,101
39,19500,80000,0.44158448407053946,0.77845,32000,0.44705905348062513,0.81678125,32768,0.000875,81.58231364004314,3199.945783692063,98,101,100,97,104
40,20000,80000,0.45209639820456504,0.7767375,32000,1.4432031506299972,0.66878125,32768,0.0015,77.71161422401201,3278.125019546016,100,113,89,113,85
41,20500,80000,0.4498503718674183,0.7747625,32000,0.46580810338258744,0.7855,32768,0.002125,82.11720169894397,3360.712527447031,93,96,101,108,102
42,21000,80000,0.4610540924370289,0.77075,32000,1.524206396341324,0.690375,32768,0.0022500000000000003,83.40924716705922,3444.5709564470453,98,103,92,92,115
43,21500,80000,0.46030195900797843,0.7727125,32000,0.7586849598586559,0.7346875,32768,0.0016250000000000001,81.56141957698856,3526.576516665984,101,92,107,97,103
44,22000,80000,0.45851059833168983,0.7730875,32000,0.527988371104002,0.74640625,32768,0.001,79.87043852300849,3606.885872868006,110,103,84,106,97
45,22500,80000,0.43471364802122114,0.7823375,32000,0.5309658017754555,0.7630625,32768,0.000625,81.2577890579123,3688.580383311026,86,106,100,110,98
46,23000,80000,0.44596400174498557,0.7777875,32000,0.6422169423103332,0.719,32768,0.00125,81.50746638397686,3770.67718995607,104,91,101,100,104
47,23500,80000,0.4415367532670498,0.77925,32000,0.4848952612280846,0.781625,32768,0.001875,83.20503079204354,3854.3226439460414,89,95,107,103,106
48,24000,80000,0.4579708406329155,0.7718375,32000,0.6400664013624191,0.70709375,32768,0.0025,80.01394223305397,3934.779281428084,109,89,100,106,96
49,24500,80000,0.459053171813488,0.77215,32000,4.127439405918121,0.5418125,32768,0.001875,77.77448872092646,4012.989690263057,93,116,104,98,89
50,25000,80000,0.44696189853549,0.7765875,32000,2.7820742136240004,0.58015625,32768,0.00125,81.51458197995089,4094.956521218992,89,100,112,97,102
